employeeId,firstName,lastName,email,empLocation
1,Jodie,McLese,jmclese0@liveinternet.ru,Portugal
2,Agustin,Grannell,agrannell1@ustream.tv,Argentina
3,Christoffer,Cowwell,ccowwell2@github.io,Japan
4,Jarvis,Barbosa,jbarbosa3@usa.gov,Russia
5,Hakim,Minucci,hminucci4@noaa.gov,France
6,Bernarr,Tibb,btibb5@mail.ru,Japan
7,Jamison,Douthwaite,jdouthwaite6@t.co,China
8,Kinny,Titterton,ktitterton7@foxnews.com,Panama
9,Kendrick,Britnell,kbritnell8@123-reg.co.uk,China
10,Guglielmo,Richardot,grichardot9@auda.org.au,Poland
11,Giacopo,Shippey,gshippeya@nydailynews.com,Eritrea
12,Eziechiele,Doige,edoigeb@phoca.cz,Indonesia
13,Robinet,Jonathon,rjonathonc@surveymonkey.com,Honduras
14,Weidar,Thomton,wthomtond@columbia.edu,Peru
15,Vernor,Ebbles,vebblese@shutterfly.com,Denmark
16,Kris,Exer,kexerf@cloudflare.com,Portugal
17,Trever,Mager,tmagerg@ezinearticles.com,Pakistan
18,Orlando,Hartopp,ohartopph@hud.gov,Indonesia
19,Eric,Bolderstone,ebolderstonei@indiatimes.com,Greece
20,Cully,Aberchirder,caberchirderj@columbia.edu,Argentina
21,Erasmus,Elletson,eelletsonk@stumbleupon.com,South Sudan
22,Emelen,Bysouth,ebysouthl@yellowpages.com,Indonesia
23,Amby,Tzarkov,atzarkovm@earthlink.net,Indonesia
24,Clevie,Nesbeth,cnesbethn@nifty.com,Brazil
25,Brander,Adhams,badhamso@ocn.ne.jp,Colombia
